scrape_time,measurement_time,wind_speed,wind_speed_max,direction,online
2020-04-06 18:55:07.875497,2020-04-06 17:56:00.000000,12.3022,14.3,229.351,1
2020-04-06 18:55:07.875497,2020-04-06 17:58:00.000000,11.4085,13,240.095,1
2020-04-06 18:55:07.875497,2020-04-06 18:00:00.000000,10.6318,12.9,240.295,1
2020-04-06 18:55:07.875497,2020-04-06 18:02:00.000000,10.8951,12.6,237.208,1
2020-04-06 18:55:07.875497,2020-04-06 18:04:00.000000,11.6279,12.9,232.608,1
2020-04-06 18:55:07.875497,2020-04-06 18:06:00.000000,11.363,13,232.47,1
2020-04-06 18:55:07.875497,2020-04-06 18:08:00.000000,11.4957,12.5,232.339,1
2020-04-06 18:55:07.875497,2020-04-06 18:10:00.000000,10.707,12.2,234.887,1
2020-04-06 18:55:07.875497,2020-04-06 18:12:00.000000,11.5073,12.8,238.11,1
2020-04-06 18:55:07.875497,2020-04-06 18:14:00.000000,12.8932,14.1,235.181,1
2020-04-06 18:55:07.875497,2020-04-06 18:16:00.000000,13.7723,15.1,234.115,1
2020-04-06 18:55:07.875497,2020-04-06 18:18:00.000000,13.2844,15.1,235.773,1
2020-04-06 18:55:07.875497,2020-04-06 18:20:00.000000,14.3452,16.7,234.722,1
2020-04-06 18:55:07.875497,2020-04-06 18:22:00.000000,13.2619,14.9,233.603,1
2020-04-06 18:55:07.875497,2020-04-06 18:24:00.000000,13.4304,15.8,233.187,1
2020-04-06 18:55:07.875497,2020-04-06 18:26:00.000000,13.4174,15.4,232.057,1
2020-04-06 18:55:07.875497,2020-04-06 18:28:00.000000,12.7341,14.7,233.272,1
2020-04-06 18:55:07.875497,2020-04-06 18:30:00.000000,14.205,16.3,233.992,1
2020-04-06 18:55:07.875497,2020-04-06 18:32:00.000000,14.1047,15.7,232.283,1
2020-04-06 18:55:07.875497,2020-04-06 18:34:00.000000,13.7739,15.7,232.643,1
2020-04-06 18:55:07.875497,2020-04-06 18:36:00.000000,13.7239,15.4,234.252,1
2020-04-06 18:55:07.875497,2020-04-06 18:38:00.000000,13.9605,15.8,234.329,1
2020-04-06 18:55:07.875497,2020-04-06 18:40:00.000000,14.8805,16.5,234.915,1
2020-04-06 18:55:07.875497,2020-04-06 18:42:00.000000,13.9133,16,238.373,1
2020-04-06 18:55:07.875497,2020-04-06 18:44:00.000000,14.75,16.7,237.73,1
2020-04-06 18:55:07.875497,2020-04-06 18:46:00.000000,14.5044,17.3,238.484,1
2020-04-06 18:55:07.875497,2020-04-06 18:48:00.000000,14.2951,16.3,237.841,1
2020-04-06 18:55:07.875497,2020-04-06 18:50:00.000000,14.1209,15.4,236.562,1
2020-04-06 18:55:07.875497,2020-04-06 18:52:00.000000,13.2217,14.9,235.274,1
2020-04-06 18:55:07.875497,2020-04-06 18:54:00.000000,14.8283,16.4,236.904,1
2020-04-06 18:56:17.986625,2020-04-06 17:57:00.000000,12.0805,14.5,233.427,1
2020-04-06 18:56:17.986625,2020-04-06 17:59:00.000000,10.331,12.4,245.15,1
2020-04-06 18:56:17.986625,2020-04-06 18:01:00.000000,11.2739,13.1,236.426,1
2020-04-06 18:56:17.986625,2020-04-06 18:03:00.000000,11.1717,12.6,234.122,1
2020-04-06 18:56:17.986625,2020-04-06 18:05:00.000000,11.4045,13,233.363,1
2020-04-06 18:56:17.986625,2020-04-06 18:07:00.000000,11.54,12.8,230.817,1
2020-04-06 18:56:17.986625,2020-04-06 18:09:00.000000,11.3568,13.1,232.408,1
2020-04-06 18:56:17.986625,2020-04-06 18:11:00.000000,11.3913,12.7,237.252,1
2020-04-06 18:56:17.986625,2020-04-06 18:13:00.000000,12.1978,13.7,237.513,1
2020-04-06 18:56:17.986625,2020-04-06 18:15:00.000000,13.631,15,234.126,1
2020-04-06 18:56:17.986625,2020-04-06 18:17:00.000000,13.3195,14.7,234.085,1
2020-04-06 18:56:17.986625,2020-04-06 18:19:00.000000,13.8533,16.3,235.861,1
2020-04-06 18:56:17.986625,2020-04-06 18:21:00.000000,13.6848,15.7,234.557,1
2020-04-06 18:56:17.986625,2020-04-06 18:23:00.000000,13.5455,15.6,234.204,1
2020-04-06 18:56:17.986625,2020-04-06 18:25:00.000000,13.3707,15.4,233.281,1
2020-04-06 18:56:17.986625,2020-04-06 18:27:00.000000,13.6023,15.4,231.631,1
2020-04-06 18:56:17.986625,2020-04-06 18:29:00.000000,13.6543,15.5,232.948,1
2020-04-06 18:56:17.986625,2020-04-06 18:31:00.000000,13.4915,15.5,233.604,1
2020-04-06 18:56:17.986625,2020-04-06 18:33:00.000000,13.8186,15.3,232.352,1
2020-04-06 18:56:17.986625,2020-04-06 18:35:00.000000,14.1829,16,234.793,1
2020-04-06 18:56:17.986625,2020-04-06 18:37:00.000000,13.8023,15.5,235.931,1
2020-04-06 18:56:17.986625,2020-04-06 18:39:00.000000,14.1978,16.3,235.057,1
2020-04-06 18:56:17.986625,2020-04-06 18:41:00.000000,13.9511,14.9,235.662,1
2020-04-06 18:56:17.986625,2020-04-06 18:43:00.000000,14.4929,16.2,237.889,1
2020-04-06 18:56:17.986625,2020-04-06 18:45:00.000000,14.8,16.9,238.46,1
2020-04-06 18:56:17.986625,2020-04-06 18:47:00.000000,14.4978,16.8,237.484,1
2020-04-06 18:56:17.986625,2020-04-06 18:49:00.000000,13.3283,15.5,238.404,1
2020-04-06 18:56:17.986625,2020-04-06 18:51:00.000000,13.9841,15.5,235.908,1
2020-04-06 18:56:17.986625,2020-04-06 18:53:00.000000,14.0293,16.4,235.086,1
2020-04-06 18:56:17.986625,2020-04-06 18:55:00.000000,13.8326,15.5,237.073,1
2020-04-06 20:03:03.564874,2020-04-06 19:04:00.000000,14.1378,16.6,237.884,1
2020-04-06 20:03:03.564874,2020-04-06 19:06:00.000000,13.2143,14.8,239.222,1
2020-04-06 20:03:03.564874,2020-04-06 19:08:00.000000,12.581,13.8,238.865,1
2020-04-06 20:03:03.564874,2020-04-06 19:10:00.000000,12.16,13.7,236.729,1
2020-04-06 20:03:03.564874,2020-04-06 19:12:00.000000,12.6087,15.2,236.122,1
2020-04-06 20:03:03.564874,2020-04-06 19:14:00.000000,12.2727,14.4,237.386,1
2020-04-06 20:03:03.564874,2020-04-06 19:16:00.000000,12.2675,13.7,237.592,1
2020-04-06 20:03:03.564874,2020-04-06 19:18:00.000000,11.6605,12.8,235.492,1
2020-04-06 20:03:03.564874,2020-04-06 19:20:00.000000,11.2652,12.8,234.209,1
2020-04-06 20:03:03.564874,2020-04-06 19:22:00.000000,11.237,12.4,235.687,1
2020-04-06 20:03:03.564874,2020-04-06 19:24:00.000000,10.931,12.7,235.96,1
2020-04-06 20:03:03.564874,2020-04-06 19:26:00.000000,10.531,12.2,235.484,1
2020-04-06 20:03:03.564874,2020-04-06 19:28:00.000000,10.2556,11.5,235.862,1
2020-04-06 20:03:03.564874,2020-04-06 19:30:00.000000,9.90217,12,233.817,1
2020-04-06 20:03:03.564874,2020-04-06 19:32:00.000000,10.1614,11,230.113,1
2020-04-06 20:03:03.564874,2020-04-06 19:34:00.000000,10.0878,11.5,231.013,1
2020-04-06 20:03:03.564874,2020-04-06 19:36:00.000000,10.0814,11.6,229.143,1
2020-04-06 20:03:03.564874,2020-04-06 19:38:00.000000,10.5283,12,229.948,1
2020-04-06 20:03:03.564874,2020-04-06 19:40:00.000000,10.487,11.9,232.578,1
2020-04-06 20:03:03.564874,2020-04-06 19:42:00.000000,10.4349,11.7,232.934,1
2020-04-06 20:03:03.564874,2020-04-06 19:44:00.000000,10.122,11.7,231.963,1
2020-04-06 20:03:03.564874,2020-04-06 19:46:00.000000,9.90444,11.4,230.772,1
2020-04-06 20:03:03.564874,2020-04-06 19:48:00.000000,9.53696,10.9,229.187,1
2020-04-06 20:03:03.564874,2020-04-06 19:50:00.000000,9.26818,11,227.636,1
2020-04-06 20:03:03.564874,2020-04-06 19:52:00.000000,10.2439,12.1,230.598,1
2020-04-06 20:03:03.564874,2020-04-06 19:54:00.000000,10.2884,11.3,232.282,1
2020-04-06 20:03:03.564874,2020-04-06 19:56:00.000000,9.40217,10.8,227.861,1
2020-04-06 20:03:03.564874,2020-04-06 19:58:00.000000,9.76383,11.5,228.584,1
2020-04-06 20:03:03.564874,2020-04-06 20:00:00.000000,10.6488,12.9,231.678,1
2020-04-06 20:03:03.564874,2020-04-06 20:02:00.000000,11.3683,13.1,232.769,1
2020-04-06 21:52:13.062443,2020-04-06 20:53:00.000000,11.8262,13.9,224.054,1
2020-04-06 21:52:13.062443,2020-04-06 20:55:00.000000,12.2422,15.1,223.706,1
2020-04-06 21:52:13.062443,2020-04-06 20:57:00.000000,12.7064,15.2,224.352,1
2020-04-06 21:52:13.062443,2020-04-06 20:59:00.000000,12.8841,14.8,224.705,1
2020-04-06 21:52:13.062443,2020-04-06 21:01:00.000000,12.661,15.2,226.257,1
2020-04-06 21:52:13.062443,2020-04-06 21:03:00.000000,12.786,15.6,229.12,1
2020-04-06 21:52:13.062443,2020-04-06 21:05:00.000000,13.3978,16.2,224.904,1
2020-04-06 21:52:13.062443,2020-04-06 21:07:00.000000,14.4587,17.4,227.709,1
2020-04-06 21:52:13.062443,2020-04-06 21:09:00.000000,13.8833,15.9,228.532,1
2020-04-06 21:52:13.062443,2020-04-06 21:11:00.000000,13.8537,16.9,229.013,1
2020-04-06 21:52:13.062443,2020-04-06 21:13:00.000000,14.3844,16.7,227.995,1
2020-04-06 21:52:13.062443,2020-04-06 21:15:00.000000,14.1891,16.1,224.078,1
2020-04-06 21:52:13.062443,2020-04-06 21:17:00.000000,13.9068,16,223.954,1
2020-04-06 21:52:13.062443,2020-04-06 21:19:00.000000,13.2366,15.1,224.428,1
2020-04-06 21:52:13.062443,2020-04-06 21:21:00.000000,13.1349,15.2,227.631,1
2020-04-06 21:52:13.062443,2020-04-06 21:23:00.000000,13.2913,15.3,230.687,1
2020-04-06 21:52:13.062443,2020-04-06 21:25:00.000000,14.1087,15.8,229.644,1
2020-04-06 21:52:13.062443,2020-04-06 21:27:00.000000,13.7698,15.8,229.585,1
2020-04-06 21:52:13.062443,2020-04-06 21:29:00.000000,13.9732,16.1,227.134,1
2020-04-06 21:52:13.062443,2020-04-06 21:31:00.000000,14.5295,16.1,227.34,1
2020-04-06 21:52:13.062443,2020-04-06 21:33:00.000000,12.5915,15.3,225.669,1
2020-04-06 21:52:13.062443,2020-04-06 21:35:00.000000,12.7733,14.4,225.439,1
2020-04-06 21:52:13.062443,2020-04-06 21:37:00.000000,11.9167,14.5,223.627,1
2020-04-06 21:52:13.062443,2020-04-06 21:39:00.000000,11.2833,14.2,223.604,1
2020-04-06 21:52:13.062443,2020-04-06 21:41:00.000000,11.9178,13.7,227.306,1
2020-04-06 21:52:13.062443,2020-04-06 21:43:00.000000,11.5239,13.1,228.383,1
2020-04-06 21:52:13.062443,2020-04-06 21:45:00.000000,11.9318,13.4,227.863,1
2020-04-06 21:52:13.062443,2020-04-06 21:47:00.000000,12.3561,14.1,228.915,1
2020-04-06 21:52:13.062443,2020-04-06 21:49:00.000000,13.3767,15,230.492,1
2020-04-06 21:52:13.062443,2020-04-06 21:51:00.000000,12.4957,14.3,225.392,1
2020-04-07 09:52:43.491865,2020-04-07 08:54:00.000000,3.57609,6.1,117.897,1
2020-04-07 09:52:43.491865,2020-04-07 08:56:00.000000,3.35952,6.1,98.7218,1
2020-04-07 09:52:43.491865,2020-04-07 08:58:00.000000,3.20238,4.9,114.486,1
2020-04-07 09:52:43.491865,2020-04-07 09:00:00.000000,3.71778,6.3,111.887,1
2020-04-07 09:52:43.491865,2020-04-07 09:02:00.000000,3.39348,6.8,112.993,1
2020-04-07 09:52:43.491865,2020-04-07 09:04:00.000000,3.74773,6.8,113.527,1
2020-04-07 09:52:43.491865,2020-04-07 09:06:00.000000,3.76585,6.6,109.51,1
2020-04-07 09:52:43.491865,2020-04-07 09:08:00.000000,4.02093,6.1,110.934,1
2020-04-07 09:52:43.491865,2020-04-07 09:10:00.000000,3.70217,6.6,91.6952,1
2020-04-07 09:52:43.491865,2020-04-07 09:12:00.000000,4.34348,6.2,96.4733,1
2020-04-07 09:52:43.491865,2020-04-07 09:14:00.000000,5.19535,6.5,100.417,1
2020-04-07 09:52:43.491865,2020-04-07 09:16:00.000000,3.36829,7.2,99.3869,1
2020-04-07 09:52:43.491865,2020-04-07 09:18:00.000000,2.06136,4.2,105.203,1
2020-04-07 09:52:43.491865,2020-04-07 09:20:00.000000,5.63617,7.1,94.1427,1
2020-04-07 09:52:43.491865,2020-04-07 09:22:00.000000,5.12667,7,98.0259,1
2020-04-07 09:52:43.491865,2020-04-07 09:24:00.000000,4.25714,6.1,98.2122,1
2020-04-07 09:52:43.491865,2020-04-07 09:26:00.000000,2.89048,6.1,89.8503,1
2020-04-07 09:52:43.491865,2020-04-07 09:28:00.000000,2.18889,3.5,92.2689,1
2020-04-07 09:52:43.491865,2020-04-07 09:30:00.000000,2.9766,6.1,104.407,1
2020-04-07 09:52:43.491865,2020-04-07 09:32:00.000000,2.84091,5.6,92.4384,1
2020-04-07 09:52:43.491865,2020-04-07 09:34:00.000000,3.21951,5.6,102.899,1
2020-04-07 09:52:43.491865,2020-04-07 09:36:00.000000,3.05814,6,102.314,1
2020-04-07 09:52:43.491865,2020-04-07 09:38:00.000000,3.78261,7.1,112.366,1
2020-04-07 09:52:43.491865,2020-04-07 09:40:00.000000,3.4383,6.2,110.647,1
2020-04-07 09:52:43.491865,2020-04-07 09:42:00.000000,3.95116,6.7,106.209,1
2020-04-07 09:52:43.491865,2020-04-07 09:44:00.000000,3.82,7.3,115.17,1
2020-04-07 09:52:43.491865,2020-04-07 09:46:00.000000,4.82727,8,107.823,1
2020-04-07 09:52:43.491865,2020-04-07 09:48:00.000000,5.40652,8.1,105.672,1
2020-04-07 09:52:43.491865,2020-04-07 09:50:00.000000,4.61087,7.6,95.6201,1
2020-04-07 09:52:43.491865,2020-04-07 09:52:00.000000,3.6119,9.2,99.0487,1
2020-04-07 10:02:04.258414,2020-04-07 09:03:00.000000,4.0119,6.9,109.829,1
2020-04-07 10:02:04.258414,2020-04-07 09:05:00.000000,2.97826,5.2,105.739,1
2020-04-07 10:02:04.258414,2020-04-07 09:07:00.000000,3.84783,6.6,98.0538,1
2020-04-07 10:02:04.258414,2020-04-07 09:09:00.000000,3.50455,5.6,105.084,1
2020-04-07 10:02:04.258414,2020-04-07 09:11:00.000000,4.1575,7.4,110.792,1
2020-04-07 10:02:04.258414,2020-04-07 09:13:00.000000,4.07273,6.7,96.8077,1
2020-04-07 10:02:04.258414,2020-04-07 09:15:00.000000,3.82391,5.6,100.308,1
2020-04-07 10:02:04.258414,2020-04-07 09:17:00.000000,3.15435,5.5,108.93,1
2020-04-07 10:02:04.258414,2020-04-07 09:19:00.000000,3.34524,7,78.0952,1
2020-04-07 10:02:04.258414,2020-04-07 09:21:00.000000,4.68293,6.5,95.9072,1
2020-04-07 10:02:04.258414,2020-04-07 09:23:00.000000,4.4,6.4,99.0775,1
2020-04-07 10:02:04.258414,2020-04-07 09:25:00.000000,3.91522,6.1,95.2795,1
2020-04-07 10:02:04.258414,2020-04-07 09:27:00.000000,2.98,4.8,88.149,1
2020-04-07 10:02:04.258414,2020-04-07 09:29:00.000000,4.29512,6.5,93.5001,1
2020-04-07 10:02:04.258414,2020-04-07 09:31:00.000000,3.34286,5.1,98.4974,1
2020-04-07 10:02:04.258414,2020-04-07 09:33:00.000000,2.53913,4.5,93.2745,1
2020-04-07 10:02:04.258414,2020-04-07 09:35:00.000000,3.98478,6,105.962,1
2020-04-07 10:02:04.258414,2020-04-07 09:37:00.000000,4.29318,6.1,104.598,1
2020-04-07 10:02:04.258414,2020-04-07 09:39:00.000000,3.11,6.5,99.1116,1
2020-04-07 10:02:04.258414,2020-04-07 09:41:00.000000,3.65814,6.2,114.683,1
2020-04-07 10:02:04.258414,2020-04-07 09:43:00.000000,4.15745,6.7,106.459,1
2020-04-07 10:02:04.258414,2020-04-07 09:45:00.000000,2.10435,4.7,97.7554,1
2020-04-07 10:02:04.258414,2020-04-07 09:47:00.000000,5.79302,9.2,112.77,1
2020-04-07 10:02:04.258414,2020-04-07 09:49:00.000000,3.58537,7.2,105.345,1
2020-04-07 10:02:04.258414,2020-04-07 09:51:00.000000,5.325,8.1,112.348,1
2020-04-07 10:02:04.258414,2020-04-07 09:53:00.000000,4.59565,7.7,107.263,1
2020-04-07 10:02:04.258414,2020-04-07 09:55:00.000000,6.59111,10.4,107.467,1
2020-04-07 10:02:04.258414,2020-04-07 09:57:00.000000,3.17143,7.3,112.76,1
2020-04-07 10:02:04.258414,2020-04-07 09:59:00.000000,3.52143,7,117.16,1
2020-04-07 10:02:04.258414,2020-04-07 10:01:00.000000,2.03111,4.2,97.8507,1
2020-04-07 10:02:34.673710,2020-04-07 09:04:00.000000,3.74773,6.8,113.527,1
2020-04-07 10:02:34.673710,2020-04-07 09:06:00.000000,3.76585,6.6,109.51,1
2020-04-07 10:02:34.673710,2020-04-07 09:08:00.000000,4.02093,6.1,110.934,1
2020-04-07 10:02:34.673710,2020-04-07 09:10:00.000000,3.70217,6.6,91.6952,1
2020-04-07 10:02:34.673710,2020-04-07 09:12:00.000000,4.34348,6.2,96.4733,1
2020-04-07 10:02:34.673710,2020-04-07 09:14:00.000000,5.19535,6.5,100.417,1
2020-04-07 10:02:34.673710,2020-04-07 09:16:00.000000,3.36829,7.2,99.3869,1
2020-04-07 10:02:34.673710,2020-04-07 09:18:00.000000,2.06136,4.2,105.203,1
2020-04-07 10:02:34.673710,2020-04-07 09:20:00.000000,5.63617,7.1,94.1427,1
2020-04-07 10:02:34.673710,2020-04-07 09:22:00.000000,5.12667,7,98.0259,1
2020-04-07 10:02:34.673710,2020-04-07 09:24:00.000000,4.25714,6.1,98.2122,1
2020-04-07 10:02:34.673710,2020-04-07 09:26:00.000000,2.89048,6.1,89.8503,1
2020-04-07 10:02:34.673710,2020-04-07 09:28:00.000000,2.18889,3.5,92.2689,1
2020-04-07 10:02:34.673710,2020-04-07 09:30:00.000000,2.9766,6.1,104.407,1
2020-04-07 10:02:34.673710,2020-04-07 09:32:00.000000,2.84091,5.6,92.4384,1
2020-04-07 10:02:34.673710,2020-04-07 09:34:00.000000,3.21951,5.6,102.899,1
2020-04-07 10:02:34.673710,2020-04-07 09:36:00.000000,3.05814,6,102.314,1
2020-04-07 10:02:34.673710,2020-04-07 09:38:00.000000,3.78261,7.1,112.366,1
2020-04-07 10:02:34.673710,2020-04-07 09:40:00.000000,3.4383,6.2,110.647,1
2020-04-07 10:02:34.673710,2020-04-07 09:42:00.000000,3.95116,6.7,106.209,1
2020-04-07 10:02:34.673710,2020-04-07 09:44:00.000000,3.82,7.3,115.17,1
2020-04-07 10:02:34.673710,2020-04-07 09:46:00.000000,4.82727,8,107.823,1
2020-04-07 10:02:34.673710,2020-04-07 09:48:00.000000,5.40652,8.1,105.672,1
2020-04-07 10:02:34.673710,2020-04-07 09:50:00.000000,4.61087,7.6,95.6201,1
2020-04-07 10:02:34.673710,2020-04-07 09:52:00.000000,3.6119,9.2,99.0487,1
2020-04-07 10:02:34.673710,2020-04-07 09:54:00.000000,5.12381,9.1,107.626,1
2020-04-07 10:02:34.673710,2020-04-07 09:56:00.000000,5.42444,8,110.983,1
2020-04-07 10:02:34.673710,2020-04-07 09:58:00.000000,2.4913,7,89.7144,1
2020-04-07 10:02:34.673710,2020-04-07 10:00:00.000000,1.23333,4.4,55.4573,1
2020-04-07 10:02:34.673710,2020-04-07 10:02:00.000000,3.68537,7.5,121.314,1
2020-04-07 11:19:18.535269,2020-04-07 10:21:00.000000,3.59762,8.1,106.506,1
2020-04-07 11:19:18.535269,2020-04-07 10:23:00.000000,5.67073,9.6,117.59,1
2020-04-07 11:19:18.535269,2020-04-07 10:25:00.000000,4.99111,9.4,95.7776,1
2020-04-07 11:19:18.535269,2020-04-07 10:27:00.000000,6.02826,9.9,106.218,1
2020-04-07 11:19:18.535269,2020-04-07 10:29:00.000000,3.28222,8.4,99.7956,1
2020-04-07 11:19:18.535269,2020-04-07 10:31:00.000000,2.8439,6.6,104.997,1
2020-04-07 11:19:18.535269,2020-04-07 10:33:00.000000,3.17143,6.4,137.371,1
2020-04-07 11:19:18.535269,2020-04-07 10:35:00.000000,5.90435,9.4,103.415,1
2020-04-07 11:19:18.535269,2020-04-07 10:37:00.000000,5.61304,10.4,110.946,1
2020-04-07 11:19:18.535269,2020-04-07 10:39:00.000000,5.97727,9.1,118.167,1
2020-04-07 11:19:18.535269,2020-04-07 10:41:00.000000,5.4125,9.2,111.767,1
2020-04-07 11:19:18.535269,2020-04-07 10:43:00.000000,5.30465,9.8,116.747,1
2020-04-07 11:19:18.535269,2020-04-07 10:45:00.000000,3.84043,7.3,121.407,1
2020-04-07 11:19:18.535269,2020-04-07 10:47:00.000000,4.41522,7.7,128.784,1
2020-04-07 11:19:18.535269,2020-04-07 10:49:00.000000,4.36047,8.1,117.748,1
2020-04-07 11:19:18.535269,2020-04-07 10:51:00.000000,4.93415,8.3,122.408,1
2020-04-07 11:19:18.535269,2020-04-07 10:53:00.000000,3.80227,8.2,108.284,1
2020-04-07 11:19:18.535269,2020-04-07 10:55:00.000000,4.56087,8.4,114.589,1
2020-04-07 11:19:18.535269,2020-04-07 10:57:00.000000,4.46,8.8,103.749,1
2020-04-07 11:19:18.535269,2020-04-07 10:59:00.000000,5.04048,8,113.392,1
2020-04-07 11:19:18.535269,2020-04-07 11:01:00.000000,5.94762,9.5,114.777,1
2020-04-07 11:19:18.535269,2020-04-07 11:03:00.000000,1.74444,4.3,165.482,1
2020-04-07 11:19:18.535269,2020-04-07 11:05:00.000000,2.76739,7.2,117.54,1
2020-04-07 11:19:18.535269,2020-04-07 11:07:00.000000,4.86136,10.4,146.868,1
2020-04-07 11:19:18.535269,2020-04-07 11:09:00.000000,7.37805,11,134.178,1
2020-04-07 11:19:18.535269,2020-04-07 11:11:00.000000,5.2907,9.8,126.143,1
2020-04-07 11:19:18.535269,2020-04-07 11:13:00.000000,3.42391,9,136.425,1
2020-04-07 11:19:18.535269,2020-04-07 11:15:00.000000,3.4383,9.2,114.678,1
2020-04-07 11:19:18.535269,2020-04-07 11:17:00.000000,3.75581,8,106.328,1
2020-04-07 11:19:18.535269,2020-04-07 11:19:00.000000,2.43,6.1,125.737,1
2020-04-07 12:55:18.153225,2020-04-07 11:57:00.000000,5.4881,9.5,99.4056,1
2020-04-07 12:55:18.153225,2020-04-07 11:59:00.000000,5.29762,9.2,89.0288,1
2020-04-07 12:55:18.153225,2020-04-07 12:01:00.000000,6.17556,8.9,94.0282,1
2020-04-07 12:55:18.153225,2020-04-07 12:03:00.000000,6.82174,9.6,86.0576,1
2020-04-07 12:55:18.153225,2020-04-07 12:05:00.000000,7.15909,12.9,101.203,1
2020-04-07 12:55:18.153225,2020-04-07 12:07:00.000000,3.07,7.7,137.478,1
2020-04-07 12:55:18.153225,2020-04-07 12:09:00.000000,6.10465,12.5,131.716,1
2020-04-07 12:55:18.153225,2020-04-07 12:11:00.000000,4.92826,7.4,106.499,1
2020-04-07 12:55:18.153225,2020-04-07 12:13:00.000000,6.61087,9.7,128.082,1
2020-04-07 12:55:18.153225,2020-04-07 12:15:00.000000,7.80476,11.9,140.408,1
2020-04-07 12:55:18.153225,2020-04-07 12:17:00.000000,3.06829,7.2,125.469,1
2020-04-07 12:55:18.153225,2020-04-07 12:19:00.000000,4.88,10.2,128.928,1
2020-04-07 12:55:18.153225,2020-04-07 12:21:00.000000,5.01304,9.9,102.666,1
2020-04-07 12:55:18.153225,2020-04-07 12:23:00.000000,2.76444,5.1,121.262,1
2020-04-07 12:55:18.153225,2020-04-07 12:25:00.000000,3.87073,6.6,121.58,1
2020-04-07 12:55:18.153225,2020-04-07 12:27:00.000000,7.20698,12.2,135.915,1
2020-04-07 12:55:18.153225,2020-04-07 12:29:00.000000,4.67826,7.8,119.93,1
2020-04-07 12:55:18.153225,2020-04-07 12:31:00.000000,6.1,11.4,81.8768,1
2020-04-07 12:55:18.153225,2020-04-07 12:33:00.000000,8.63488,12.5,114.308,1
2020-04-07 12:55:18.153225,2020-04-07 12:35:00.000000,5.915,12.5,108.708,1
2020-04-07 12:55:18.153225,2020-04-07 12:37:00.000000,6.99545,10.6,125.669,1
2020-04-07 12:55:18.153225,2020-04-07 12:39:00.000000,4.81304,7.6,128.974,1
2020-04-07 12:55:18.153225,2020-04-07 12:41:00.000000,5.05217,10.3,90.1263,1
2020-04-07 12:55:18.153225,2020-04-07 12:43:00.000000,7.16744,11.6,95.3269,1
2020-04-07 12:55:18.153225,2020-04-07 12:45:00.000000,4.29024,7.6,113.493,1
2020-04-07 12:55:18.153225,2020-04-07 12:47:00.000000,8.35455,11.7,110.324,1
2020-04-07 12:55:18.153225,2020-04-07 12:49:00.000000,8.35532,11.6,97.7755,1
2020-04-07 12:55:18.153225,2020-04-07 12:51:00.000000,8.34667,14,108.091,1
2020-04-07 12:55:18.153225,2020-04-07 12:53:00.000000,7.66429,11.2,106.178,1
2020-04-07 12:55:18.153225,2020-04-07 12:55:00.000000,7.38095,10.9,127.63,1
2020-04-07 12:55:53.294177,2020-04-07 11:57:00.000000,5.4881,9.5,99.4056,1
2020-04-07 12:55:53.294177,2020-04-07 11:59:00.000000,5.29762,9.2,89.0288,1
2020-04-07 12:55:53.294177,2020-04-07 12:01:00.000000,6.17556,8.9,94.0282,1
2020-04-07 12:55:53.294177,2020-04-07 12:03:00.000000,6.82174,9.6,86.0576,1
2020-04-07 12:55:53.294177,2020-04-07 12:05:00.000000,7.15909,12.9,101.203,1
2020-04-07 12:55:53.294177,2020-04-07 12:07:00.000000,3.07,7.7,137.478,1
2020-04-07 12:55:53.294177,2020-04-07 12:09:00.000000,6.10465,12.5,131.716,1
2020-04-07 12:55:53.294177,2020-04-07 12:11:00.000000,4.92826,7.4,106.499,1
2020-04-07 12:55:53.294177,2020-04-07 12:13:00.000000,6.61087,9.7,128.082,1
2020-04-07 12:55:53.294177,2020-04-07 12:15:00.000000,7.80476,11.9,140.408,1
2020-04-07 12:55:53.294177,2020-04-07 12:17:00.000000,3.06829,7.2,125.469,1
2020-04-07 12:55:53.294177,2020-04-07 12:19:00.000000,4.88,10.2,128.928,1
2020-04-07 12:55:53.294177,2020-04-07 12:21:00.000000,5.01304,9.9,102.666,1
2020-04-07 12:55:53.294177,2020-04-07 12:23:00.000000,2.76444,5.1,121.262,1
2020-04-07 12:55:53.294177,2020-04-07 12:25:00.000000,3.87073,6.6,121.58,1
2020-04-07 12:55:53.294177,2020-04-07 12:27:00.000000,7.20698,12.2,135.915,1
2020-04-07 12:55:53.294177,2020-04-07 12:29:00.000000,4.67826,7.8,119.93,1
2020-04-07 12:55:53.294177,2020-04-07 12:31:00.000000,6.1,11.4,81.8768,1
2020-04-07 12:55:53.294177,2020-04-07 12:33:00.000000,8.63488,12.5,114.308,1
2020-04-07 12:55:53.294177,2020-04-07 12:35:00.000000,5.915,12.5,108.708,1
2020-04-07 12:55:53.294177,2020-04-07 12:37:00.000000,6.99545,10.6,125.669,1
2020-04-07 12:55:53.294177,2020-04-07 12:39:00.000000,4.81304,7.6,128.974,1
2020-04-07 12:55:53.294177,2020-04-07 12:41:00.000000,5.05217,10.3,90.1263,1
2020-04-07 12:55:53.294177,2020-04-07 12:43:00.000000,7.16744,11.6,95.3269,1
2020-04-07 12:55:53.294177,2020-04-07 12:45:00.000000,4.29024,7.6,113.493,1
2020-04-07 12:55:53.294177,2020-04-07 12:47:00.000000,8.35455,11.7,110.324,1
2020-04-07 12:55:53.294177,2020-04-07 12:49:00.000000,8.35532,11.6,97.7755,1
2020-04-07 12:55:53.294177,2020-04-07 12:51:00.000000,8.34667,14,108.091,1
2020-04-07 12:55:53.294177,2020-04-07 12:53:00.000000,7.66429,11.2,106.178,1
2020-04-07 12:55:53.294177,2020-04-07 12:55:00.000000,7.38095,10.9,127.63,1
